Product Name,Brand,Price,Link
Bright Crystal,Versace,2.763.000,https://www.thegioinuochoa.com.vn/versace/195-bright-crystal.html
Versace Pour Homme,Versace,2.428.000,https://www.thegioinuochoa.com.vn/versace/1164-versace-pour-homme.html
Versace Eros for Men,Versace,2.578.000,https://www.thegioinuochoa.com.vn/versace/3363-versace-eros-for-men.html
Gift Bvlgari for men 3pc ,Bvlgari,196.000,https://www.thegioinuochoa.com.vn/bvlgari/5310-gift-bvlgari-for-men-3pc.html
Bvlgari Man Wood Essence ,Bvlgari,2.520.000,https://www.thegioinuochoa.com.vn/bvlgari/5782-bvlgari-man-wood-essence.html
Euphoria for woman,Calvin Klein,2.904.000,https://www.thegioinuochoa.com.vn/calvin-klein/356-euphoria-for-woman.html
Dầu săn chắc da,Langé,578.000,https://www.thegioinuochoa.com.vn/lange/6187-toning-beauty-oil.html
Kem dưỡng chống lão hóa ban ngày,Langé,1.235.000,https://www.thegioinuochoa.com.vn/lange/6034-nutri-protection-day-cream.html
Kem dưỡng ban đêm Hydra-Global,Langé,1.293.000,https://www.thegioinuochoa.com.vn/lange/6042-hydra-global-active-night-cream.html
(Một miếng) ONE SHINING DAY Hydration Cream Two Step Solution Mask,8:TY,96.000,https://www.thegioinuochoa.com.vn/8-ty/6243-mot-mieng-one-shining-day-hydration-cream-two-step-solution-mask.html
Set M.O.I 24/7 Cool Cool Girl 3pcs,M.O.I,711.000,https://www.thegioinuochoa.com.vn/moi/5866-set-moi-24-7-cool-cool-girl-3pcs.html
Versace Man Eau Fraiche,Versace,610.000,https://www.thegioinuochoa.com.vn/versace/197-versace-man-eau-fraiche.html
Bvlgari Man In Black,Bvlgari,2.520.000,https://www.thegioinuochoa.com.vn/bvlgari/4151-bvlgari-man-in-black.html
Bright Crystal Absolu for women,Versace,2.252.000,https://www.thegioinuochoa.com.vn/versace/4050-bright-crystal-absolu-for-women.html
Versace Yellow Diamond Intense for women,Versace,247.000,https://www.thegioinuochoa.com.vn/versace/4298-versace-yellow-diamond-intense-for-women.html
Versace Pour Homme Dylan Blue,Versace,2.578.000,https://www.thegioinuochoa.com.vn/versace/4602-versace-pour-homme-dylan-blue.html
Bộ kem dưỡng trắng da Whitening (Mini),Langé,625.000,https://www.thegioinuochoa.com.vn/lange/6335-whitening-set-mini.html
Euphoria Intense,Calvin Klein,1.294.000,https://www.thegioinuochoa.com.vn/calvin-klein/1050-euphoria-intense.html
Signorina Misteriosa for women,Salvatore Ferragamo,247.000,https://www.thegioinuochoa.com.vn/salvatore-ferragamo/4563-signorina-misteriosa-for-women.html
Tommy,Tommy Hilfiger,545.000,https://www.thegioinuochoa.com.vn/tommy-hilfiger/243-tommy.html
M.O.I Matte Lipstick – LOVE No. 2,M.O.I,287.000,https://www.thegioinuochoa.com.vn/moi/6138-moi-matte-lipstick-love-no-2.html
Le Male Essence Intense,Jean Paul Gaultier,2.279.000,https://www.thegioinuochoa.com.vn/jean-paul-gaultier/4676-le-male-essence-intense.html
Versace Crystal Noir EDT,Versace,1.356.000,https://www.thegioinuochoa.com.vn/versace/200-versace-crystal-noir-edt.html
Gift Versace Pour Homme Mini,Versace,247.000,https://www.thegioinuochoa.com.vn/versace/1252-gift-versace-pour-homme-mini.html
Kem làm sáng da ban ngày,Langé,1.293.000,https://www.thegioinuochoa.com.vn/lange/6029-lightening-day-cream.html
CHCH,Carolina Herrera,155.000,https://www.thegioinuochoa.com.vn/carolina-herrera/1300-chch.html
Sữa rữa mặt thanh lọc sâu,Langé,448.000,https://www.thegioinuochoa.com.vn/lange/6054-cleansing-milk.html
Bộ Kem dưỡng chống lão hóa Anti-Ageing (Mini),Langé,635.000,https://www.thegioinuochoa.com.vn/lange/6334-anti-ageing-set-mini.html
Eternity Now for men,Calvin Klein,1.904.000,https://www.thegioinuochoa.com.vn/calvin-klein/4422-eternity-now-for-men.html
M.O.I Matte Lipstick – LOVE No. 1,M.O.I,287.000,https://www.thegioinuochoa.com.vn/moi/6140-moi-matte-lipstick-love-no-1.html
Versace Eros Flame (M) ,Versace,2.692.000,https://www.thegioinuochoa.com.vn/versace/6159-versace-eros-flame-m.html
M.O.I Matte Lipstick – LOVE No. 9 Girl on Fire,M.O.I,287.000,https://www.thegioinuochoa.com.vn/moi/6064-moi-matte-lipstick-love-no-9-girl-on-fire.html
Obsessed Calvin Klein for men,Calvin Klein,1.120.000,https://www.thegioinuochoa.com.vn/calvin-klein/5300-obsessed-calvin-klein-for-men.html
Set M.O.I 24/7 Pink Pink Girl 3pcs,M.O.I,711.000,https://www.thegioinuochoa.com.vn/moi/5865-set-moi-24-7-pink-pink-girl-3pcs.html
Reveal Calvin Klein for men,Calvin Klein,267.000,https://www.thegioinuochoa.com.vn/calvin-klein/4311-reveal-calvin-klein-for-men.html
Decadence Marc Jacobs,Marc Jacobs,2.984.000,https://www.thegioinuochoa.com.vn/marc-jacobs/4355-decadence-marc-jacobs.html
Divine Decadence for women,Marc Jacobs,1.395.000,https://www.thegioinuochoa.com.vn/marc-jacobs/4546-divine-decadence-for-women.html
Omnia Indian Garnet,Bvlgari,197.000,https://www.thegioinuochoa.com.vn/bvlgari/4046-omnia-indian-garnet.html
Me L'eau Lanvin,Lanvin,158.000,https://www.thegioinuochoa.com.vn/lanvin/4351-me-l-eau-lanvin.html
Acqua Essenziale Colonia,Salvatore Ferragamo,197.000,https://www.thegioinuochoa.com.vn/salvatore-ferragamo/4414-acqua-essenziale-colonia.html
Kem làm sáng da ban đêm,Langé,1.228.000,https://www.thegioinuochoa.com.vn/lange/6028-lightening-night-cream.html
Legend Spirit Montblanc,Mont Blanc,1.936.000,https://www.thegioinuochoa.com.vn/mont-blanc/4477-legend-spirit-montblanc.html
M.O.I Matte Lipstick – LOVE No. 8 Stronger,M.O.I,287.000,https://www.thegioinuochoa.com.vn/moi/6066-moi-matte-lipstick-love-no-8-stronger.html
Green Tea,Elizabeth Arden,680.000,https://www.thegioinuochoa.com.vn/elizabeth-arden/612-green-tea.html
Euphoria,Calvin Klein,2.072.000,https://www.thegioinuochoa.com.vn/calvin-klein/355-euphoria.html
Aqva Pour Homme,Bvlgari,2.600.000,https://www.thegioinuochoa.com.vn/bvlgari/120-aqva-pour-homme.html
Be Delicious,DKNY,2.000.000,https://www.thegioinuochoa.com.vn/dkny/582-be-delicious.html
L'autre Oud Lancome,Lancôme,1.178.000,https://www.thegioinuochoa.com.vn/lancome/5187-l-autre-oud-lancome.html
M.O.I Matte Lipstick – LOVE No. 7 Crazy in Love,M.O.I,287.000,https://www.thegioinuochoa.com.vn/moi/6065-moi-matte-lipstick-love-no-7-crazy-in-love.html
Kem chống lão hóa vùng mắt,Langé,968.000,https://www.thegioinuochoa.com.vn/lange/6046-eye-contour-cream.html
Aqva Amara for men,Bvlgari,1.596.000,https://www.thegioinuochoa.com.vn/bvlgari/3992-aqva-amara-for-men.html
BLV For Men,Bvlgari,1.513.000,https://www.thegioinuochoa.com.vn/bvlgari/119-blv-for-men.html
Paco Banne Invictus for men,Paco Rabanne,2.156.000,https://www.thegioinuochoa.com.vn/paco-rabanne/3396-paco-banne-invictus-for-men.html
Body Lotion Versace Bright Crystal for women,Versace,402.000,https://www.thegioinuochoa.com.vn/versace/5434-body-lotion-versace-bright-crystal-for-women.html
M.O.I Matte Lipstick – LOVE No. 3,M.O.I,287.000,https://www.thegioinuochoa.com.vn/moi/6139-moi-matte-lipstick-love-no-3.html
Burberry Brit For Him,Burberry,2.226.000,https://www.thegioinuochoa.com.vn/burberry/5429-burberry-brit-for-him.html
Tommy Girl,Tommy Hilfiger,945.000,https://www.thegioinuochoa.com.vn/tommy-hilfiger/255-tommy-girl.html
Burberry Brit For Him,Burberry,2.226.000,https://www.thegioinuochoa.com.vn/burberry/5429-burberry-brit-for-him.html
Tommy Girl,Tommy Hilfiger,945.000,https://www.thegioinuochoa.com.vn/tommy-hilfiger/255-tommy-girl.html
The One Essence for women,Dolce & Gabbana,1.097.000,https://www.thegioinuochoa.com.vn/dolce-gabbana/4712-the-one-essence-for-women.html
5th Avenue Royale Elizabeth Arden for women,Elizabeth Arden,895.000,https://www.thegioinuochoa.com.vn/elizabeth-arden/5271-5th-avenue-royale-elizabeth-arden-for-women.html
D&G Intenso for Men,Dolce & Gabbana,1.876.000,https://www.thegioinuochoa.com.vn/dolce-gabbana/4286-d-g-intenso-for-men.html
Narciso Rodriguez For Her,Narciso Rodriguez,3.078.000,https://www.thegioinuochoa.com.vn/narciso-rodriguez/1889-narciso-rodriguez-for-her.html
A&F Authentic Men EDT,Abercrombie & Fitch,1.560.000,https://www.thegioinuochoa.com.vn/abercrombie-fitch/6447-a-f-authentic-men-edt.html
Viva La Juicy,Juicy Couture,1.395.000,https://www.thegioinuochoa.com.vn/juicy-couture/1844-viva-la-juicy.html
1 Million Prive Paco Rabanne,Paco Rabanne,2.235.000,https://www.thegioinuochoa.com.vn/paco-rabanne/4606-1-million-prive-paco-rabanne.html
Calvin Klein Beauty for women,Calvin Klein,1.269.000,https://www.thegioinuochoa.com.vn/calvin-klein/2945-calvin-klein-beauty-for-women.html
Gift Versace Men eau fraiche mini,Versace,247.000,https://www.thegioinuochoa.com.vn/versace/1191-gift-versace-men-eau-fraiche-mini.html
Bộ kem dưỡng da cấp ẩm Hydrating (Mini),Langé,598.000,https://www.thegioinuochoa.com.vn/lange/6332-hydrating-set-mini.html
Burberry Body,Burberry,1.252.000,https://www.thegioinuochoa.com.vn/burberry/2885-burberry-body.html
The One for men EDP,Dolce & Gabbana,2.538.000,https://www.thegioinuochoa.com.vn/dolce-gabbana/4399-the-one-for-men-edp.html
Gel che khuyết điểm và nâng cơ vùng mắt,Langé,942.000,https://www.thegioinuochoa.com.vn/lange/6047-eye-contour-gold-gel.html
Kem dưỡng ban ngày Hydra-Global,Langé,1.293.000,https://www.thegioinuochoa.com.vn/lange/6043-hydra-global-active-day-cream.html
Bộ kem dưỡng làm săn chắc da Lifting & Firming (Mini),Langé,589.000,https://www.thegioinuochoa.com.vn/lange/6333-lifting-firming-set-mini.html
Light Blue Eau Intense for men,Dolce & Gabbana,875.000,https://www.thegioinuochoa.com.vn/dolce-gabbana/5202-light-blue-eau-intense-for-men.html
Live Lacoste for men,Lacoste,247.000,https://www.thegioinuochoa.com.vn/lacoste/4236-live-lacoste-for-men.html
Gift Montblanc Legend for men 2pc,Mont Blanc,177.000,https://www.thegioinuochoa.com.vn/mont-blanc/5285-gift-montblanc-legend-for-men-2pc.html
M.O.I Matte Lipstick – LOVE No. 5 Beautiful Liar,M.O.I,287.000,https://www.thegioinuochoa.com.vn/moi/6095-moi-matte-lipstick-love-no-5-beautiful-liar.html
D&G Light blue,Dolce & Gabbana,759.000,https://www.thegioinuochoa.com.vn/dolce-gabbana/2684-d-g-light-blue.html
Trésor In Love,Lancôme,2.250.000,https://www.thegioinuochoa.com.vn/lancome/2487-tresor-in-love.html
Anna Sui Fantasia ,Anna Sui,1.672.000,https://www.thegioinuochoa.com.vn/anna-sui/6083-anna-sui-fantasia.html
Aqva Marine,Bvlgari,2.060.000,https://www.thegioinuochoa.com.vn/bvlgari/118-aqva-marine.html
Bvlgari Man Extreme,Bvlgari,1.876.000,https://www.thegioinuochoa.com.vn/bvlgari/3301-bvlgari-man-extreme.html
Guess Seductive For Men EDT,Guess,1.160.000,https://www.thegioinuochoa.com.vn/guess/6454-guess-seductive-for-men-edt.html
Gucci Guilty Absolute for men,Gucci,2.648.000,https://www.thegioinuochoa.com.vn/gucci/4803-gucci-guilty-absolute-for-men.html
Bvlgari Pour Homme,Bvlgari,2.200.000,https://www.thegioinuochoa.com.vn/bvlgari/138-bvlgari-pour-homme.html
Brit Splash For Him,Burberry,197.000,https://www.thegioinuochoa.com.vn/burberry/4416-brit-splash-for-him.html
M.O.I Matte Lipstick – LOVE No. 6 Dangerous Woman,M.O.I,287.000,https://www.thegioinuochoa.com.vn/moi/6094-moi-matte-lipstick-love-no-6-dangerous-woman.html
F by Ferragamo pour Homme Black,Salvatore Ferragamo,197.000,https://www.thegioinuochoa.com.vn/salvatore-ferragamo/1781-f-by-ferragamo-pour-homme-black.html
Light Blue Eau Intense for men,Dolce & Gabbana,875.000,https://www.thegioinuochoa.com.vn/dolce-gabbana/5202-light-blue-eau-intense-for-men.html
5th Avenue,Elizabeth Arden,963.000,https://www.thegioinuochoa.com.vn/elizabeth-arden/613-5th-avenue.html
Narciso Rodriguez Bleu Noir For Him EDP,Narciso Rodriguez,2.304.000,https://www.thegioinuochoa.com.vn/narciso-rodriguez/6669-narciso-rodriguez-bleu-noir-for-him-edp.html
Versace Eros pour femme,Versace,2.648.000,https://www.thegioinuochoa.com.vn/versace/4343-versace-eros-pour-femme.html
Bvlgari Man Wood Neroli ,Bvlgari,2.520.000,https://www.thegioinuochoa.com.vn/bvlgari/6196-bvlgari-man-wood-neroli.html
212 For Men,Carolina Herrera,717.000,https://www.thegioinuochoa.com.vn/carolina-herrera/391-212-for-men.html
Tinh chất làm sáng da,Langé,968.000,https://www.thegioinuochoa.com.vn/lange/6051-lightening-serum.html
Hugo Energise,Hugo Boss,1.752.000,https://www.thegioinuochoa.com.vn/hugo-boss/834-hugo-energise.html
Aventus Creed for men,Creed,7.128.000,https://www.thegioinuochoa.com.vn/creed/4121-aventus-creed-for-men.html
CK Everyone EDT ,Calvin Klein,1.904.000,https://www.thegioinuochoa.com.vn/calvin-klein/6664-ck-everyone-edt.html
La Vie Est Belle L'Eclat for women,Lancôme,2.700.000,https://www.thegioinuochoa.com.vn/lancome/5680-la-vie-est-belle-l-eclat-for-women.html
M.O.I Matte Lipstick – LOVE No. 4 Drunk in love,M.O.I,287.000,https://www.thegioinuochoa.com.vn/moi/6096-moi-matte-lipstick-love-no-4-drunk-in-love.html
Montblanc Explorer For Men EDP ,Mont Blanc,2.156.000,https://www.thegioinuochoa.com.vn/mont-blanc/6552-montblanc-explorer-for-men-edp.html
Daisy Dream Marc Jacobs for women,Marc Jacobs,2.288.000,https://www.thegioinuochoa.com.vn/marc-jacobs/4146-daisy-dream-marc-jacobs-for-women.html
Daisy Dream Forever ,Marc Jacobs,1.275.000,https://www.thegioinuochoa.com.vn/marc-jacobs/4332-daisy-dream-forever.html
Chloe Love Story Eau Sensuelle for women,Chloe,2.680.000,https://www.thegioinuochoa.com.vn/chloe/5541-chloe-love-story-eau-sensuelle-for-women.html
Mont Blanc Explorer Deodorant Stick,Mont Blanc,572.000,https://www.thegioinuochoa.com.vn/mont-blanc/6685-mont-blanc-explorer-deodorant-stick.html
CK One Shock for her ,Calvin Klein,1.030.000,https://www.thegioinuochoa.com.vn/calvin-klein/2914-ck-one-shock-for-her.html
Kem dưỡng ẩm ban đêm chống lão hóa,Langé,1.137.000,https://www.thegioinuochoa.com.vn/lange/6033-nourishing-moisturizing-night-cream.html
Good Girl Carolina Herrera,Carolina Herrera,2.992.000,https://www.thegioinuochoa.com.vn/carolina-herrera/4590-good-girl-carolina-herrera.html
Jimmy Choo Man,Jimmy Choo,118.000,https://www.thegioinuochoa.com.vn/jimmy-choo/4466-jimmy-choo-man.html
Tinh chất ngăn ngừa lão hóa,Langé,1.137.000,https://www.thegioinuochoa.com.vn/lange/6045-prevention-serum.html
Amo Ferragamo for women ,Salvatore Ferragamo,2.745.000,https://www.thegioinuochoa.com.vn/salvatore-ferragamo/5694-amo-ferragamo-for-women.html
DG The One for Men Eau de Parfum Intense,Dolce & Gabbana,2.664.000,https://www.thegioinuochoa.com.vn/dolce-gabbana/6387-dg-the-one-for-men-eau-de-parfum-intense.html
Mặt nạ kiềm dầu,Langé,1.267.000,https://www.thegioinuochoa.com.vn/lange/6027-matifying-mask.html
CH Men Prive,Carolina Herrera,172.000,https://www.thegioinuochoa.com.vn/carolina-herrera/4423-ch-men-prive.html
Mr Burberry for men,Burberry,3.159.000,https://www.thegioinuochoa.com.vn/burberry/5432-mr-burberry-for-men.html
Mr Burberry Indigo for men,Burberry,2.921.000,https://www.thegioinuochoa.com.vn/burberry/5792-mr-burberry-indigo-for-men.html
Sexy Ruby Michael Kors for women,Michael Kors,1.295.000,https://www.thegioinuochoa.com.vn/michael-kors/5320-sexy-ruby-michael-kors-for-women.html
Flora By Gucci Gorgeous Gardenia,Gucci,2.763.000,https://www.thegioinuochoa.com.vn/gucci/3104-flora-by-gucci-gorgeous-gardenia.html
Eternity Now for women,Calvin Klein,2.152.000,https://www.thegioinuochoa.com.vn/calvin-klein/4421-eternity-now-for-women.html
Gucci Bloom Acqua Di Fiori (W),Gucci,2.868.000,https://www.thegioinuochoa.com.vn/gucci/5965-gucci-bloom-acqua-di-fiori-w.html
Flora By Gucci Gorgeous Gardenia,Gucci,2.763.000,https://www.thegioinuochoa.com.vn/gucci/3104-flora-by-gucci-gorgeous-gardenia.html
Hộp 5 miếng mặt nạ ONE SPECIAL DAY Bio-cellulose Two Step Solution Mask,8:TY,519.000,https://www.thegioinuochoa.com.vn/8-ty/6252-hop-5-mieng-mat-na-one-special-day-bio-cellulose-two-step-solution-mask.html
Cool Water,Davidoff,297.000,https://www.thegioinuochoa.com.vn/davidoff/566-cool-water.html
Euphoria Pure Gold for men,Calvin Klein,1.257.000,https://www.thegioinuochoa.com.vn/calvin-klein/4778-euphoria-pure-gold-for-men.html
Mr Burberry Element EDT ,Burberry,2.446.000,https://www.thegioinuochoa.com.vn/burberry/6666-mr-burberry-element-edt.html
Escada Joyful for Women,Escada,132.000,https://www.thegioinuochoa.com.vn/escada/4282-escada-joyful-for-women.html
5th Avenue NYC Uptown for women,Elizabeth Arden,963.000,https://www.thegioinuochoa.com.vn/elizabeth-arden/5270-5th-avenue-nyc-uptown-for-women.html
CH Privee for women,Carolina Herrera,947.000,https://www.thegioinuochoa.com.vn/carolina-herrera/4814-ch-privee-for-women.html
Euphoria Pure Gold for women,Calvin Klein,1.269.000,https://www.thegioinuochoa.com.vn/calvin-klein/4768-euphoria-pure-gold-for-women.html
Lăn Eternity,Calvin Klein,624.000,https://www.thegioinuochoa.com.vn/calvin-klein/441-lan-eternity.html
Tresor La Nuit for women,Lancôme,2.880.000,https://www.thegioinuochoa.com.vn/lancome/4250-tresor-la-nuit-for-women.html
Mila's Secret Venezia for women EDP ,Parour,903.000,https://www.thegioinuochoa.com.vn/parour/6585-mila-s-secret-venezia-for-women-edp.html
Gift Set D&G The One Spray + Rollerball For Women,Dolce & Gabbana,2.025.000,https://www.thegioinuochoa.com.vn/dolce-gabbana/6484-gift-set-d-g-the-one-spray-rollerball-for-women.html
Omnia Paraiba ,Bvlgari,247.000,https://www.thegioinuochoa.com.vn/bvlgari/4354-omnia-paraiba.html
Kem dưỡng ban đêm Remodeling,Langé,950.000,https://www.thegioinuochoa.com.vn/lange/6039-remodeling-night-cream.html
CH L'eau for women,Carolina Herrera,132.000,https://www.thegioinuochoa.com.vn/carolina-herrera/4817-ch-l-eau-for-women.html
Elie Saab Le Parfum Rose Couture,Elie Saab,907.000,https://www.thegioinuochoa.com.vn/elie-saab/4716-elie-saab-le-parfum-rose-couture.html
Montblanc Legend,Mont Blanc,1.936.000,https://www.thegioinuochoa.com.vn/mont-blanc/3056-montblanc-legend.html
Montblanc Legend for women,Mont Blanc,110.000,https://www.thegioinuochoa.com.vn/mont-blanc/3321-montblanc-legend-for-women.html
Gucci By Gucci Pour Homme,Gucci,2.481.000,https://www.thegioinuochoa.com.vn/gucci/1227-gucci-by-gucci-pour-homme.html
Gift Set Paco Rabanne Pure XS For Her 3pc ,Paco Rabanne,2.596.000,https://www.thegioinuochoa.com.vn/paco-rabanne/6622-gift-set-paco-rabanne-pure-xs-for-her-3pc.html
Incanto Bloom New Edition 2014,Salvatore Ferragamo,1.085.000,https://www.thegioinuochoa.com.vn/salvatore-ferragamo/4184-incanto-bloom-new-edition-2014.html
Cool water for men,Davidoff,1.820.000,https://www.thegioinuochoa.com.vn/davidoff/561-cool-water-for-men.html
Versace Dylan Blue Pour Femme,Versace,2.648.000,https://www.thegioinuochoa.com.vn/versace/5698-versace-dylan-blue-pour-femme.html
Omnia Crystalline,Bvlgari,2.040.000,https://www.thegioinuochoa.com.vn/bvlgari/125-omnia-crystalline.html
Tresor La Nuit Caresse,Lancôme,2.430.000,https://www.thegioinuochoa.com.vn/lancome/4653-tresor-la-nuit-caresse.html
Kem chống nắng toàn thân SPF30,Langé,422.000,https://www.thegioinuochoa.com.vn/lange/6145-sunscreen-milky-mist-spf-30.html
Fleur Musc For Her,Narciso Rodriguez,2.736.000,https://www.thegioinuochoa.com.vn/narciso-rodriguez/4788-fleur-musc-for-her.html
Flora By Gucci Gorgeous Gardenia,Gucci,2.763.000,https://www.thegioinuochoa.com.vn/gucci/3104-flora-by-gucci-gorgeous-gardenia.html
Lăn Eternity,Calvin Klein,624.000,https://www.thegioinuochoa.com.vn/calvin-klein/441-lan-eternity.html
212 Vip,Carolina Herrera,2.728.000,https://www.thegioinuochoa.com.vn/carolina-herrera/2531-212-vip.html
Versace Eros Flame Perfumed Deodorant Stick,Versace,660.000,https://www.thegioinuochoa.com.vn/versace/6588-versace-eros-flame-perfumed-deodorant-stick.html
Honey Marc Jacobs for women,Marc Jacobs,1.475.000,https://www.thegioinuochoa.com.vn/marc-jacobs/3990-honey-marc-jacobs-for-women.html
Paco Rabanne Pure XS For Her Edp,Paco Rabanne,2.596.000,https://www.thegioinuochoa.com.vn/paco-rabanne/6354-paco-rabanne-pure-xs-for-her-edp.html
Eternity Aqua Calvin Klein,Calvin Klein,556.000,https://www.thegioinuochoa.com.vn/calvin-klein/4867-eternity-aqua-calvin-klein.html
L'Eau D'Issey Pure,Issey Miyake,615.000,https://www.thegioinuochoa.com.vn/issey-miyake/4745-l-eau-d-issey-pure.html
Boss No.6,Hugo Boss,2.048.000,https://www.thegioinuochoa.com.vn/hugo-boss/832-boss-no6.html
Montblanc Legend EDP,Mont Blanc,2.068.000,https://www.thegioinuochoa.com.vn/mont-blanc/6639-montblanc-legend-edp.html
A&F First Instinct Men EDT,Abercrombie & Fitch,1.560.000,https://www.thegioinuochoa.com.vn/abercrombie-fitch/6446-a-f-first-instinct-men-edt.html
Hair & Body Shampoo Versace Pour Homme,Versace,425.000,https://www.thegioinuochoa.com.vn/versace/4579-hair-body-shampoo-versace-pour-homme.html
Goldea The Roman Night Bvlgari for women,Bvlgari,2.880.000,https://www.thegioinuochoa.com.vn/bvlgari/5128-goldea-the-roman-night-bvlgari-for-women.html
Lancôme Tresor,Lancôme,2.700.000,https://www.thegioinuochoa.com.vn/lancome/940-lancome-tresor.html
Narciso Rodriguez for him,Narciso Rodriguez,2.304.000,https://www.thegioinuochoa.com.vn/narciso-rodriguez/2001-narciso-rodriguez-for-him.html
Vial Le Beau Male Intense Jean Paul Gaultier for men,Jean Paul Gaultier,42.000,https://www.thegioinuochoa.com.vn/jean-paul-gaultier/5289-vial-le-beau-male-intense-jean-paul-gaultier-for-men.html
Guess Girl,Guess,597.000,https://www.thegioinuochoa.com.vn/guess/3395-guess-girl.html
Gift Light Blue (W) 3pc ( NH 100ml + NH 10ml + Body Cream 100ml),Dolce & Gabbana,1.485.000,https://www.thegioinuochoa.com.vn/dolce-gabbana/5876-gift-light-blue-w-3pc-nh-100ml-nh-10ml-body-cream-100ml.html
Narciso Rodriguez Pure Musc For Her EDP,Narciso Rodriguez,3.078.000,https://www.thegioinuochoa.com.vn/narciso-rodriguez/6114-narciso-rodriguez-pure-musc-for-her-edp.html
Aqva Atlantiqve for men,Bvlgari,2.200.000,https://www.thegioinuochoa.com.vn/bvlgari/4775-aqva-atlantiqve-for-men.html
Lacoste L.12.12 Pour Lui Magnetic ,Lacoste,2.184.000,https://www.thegioinuochoa.com.vn/lacoste/6168-lacoste-l1212-pour-lui-magnetic.html
Bvlgari Rose Goldea Limited Edition,Bvlgari,2.880.000,https://www.thegioinuochoa.com.vn/bvlgari/5958-bvlgari-rose-goldea-limited-edition.html
My Burberry for Women,Burberry,3.660.000,https://www.thegioinuochoa.com.vn/burberry/4284-my-burberry-for-women.html
Forbidden Euphoria,Calvin Klein,1.269.000,https://www.thegioinuochoa.com.vn/calvin-klein/2955-forbidden-euphoria.html
Narciso Rouge for women,Narciso Rodriguez,3.087.000,https://www.thegioinuochoa.com.vn/narciso-rodriguez/5781-narciso-rouge-for-women.html
Serum Đặc Trị Hydra-Global,Langé,1.228.000,https://www.thegioinuochoa.com.vn/lange/6008-hydra-global-intensive-serum.html
Vial Scandal Jean Paul Gaultier for Women ,Jean Paul Gaultier,110.000,https://www.thegioinuochoa.com.vn/jean-paul-gaultier/5290-vial-scandal-jean-paul-gaultier-for-women.html
Lancome La Vie Est Belle 2pc,Lancôme,310.000,https://www.thegioinuochoa.com.vn/lancome/4257-lancome-la-vie-est-belle-2pc.html
Sunflowers Morning Gardens (W),Elizabeth Arden,310.000,https://www.thegioinuochoa.com.vn/elizabeth-arden/5936-sunflowers-morning-gardens-w.html
CK2 Calvin Klein,Calvin Klein,1.824.000,https://www.thegioinuochoa.com.vn/calvin-klein/4463-ck2-calvin-klein.html
CK ALL,Calvin Klein,1.904.000,https://www.thegioinuochoa.com.vn/calvin-klein/4789-ck-all.html
Emozione Salvatore for women,Salvatore Ferragamo,1.720.000,https://www.thegioinuochoa.com.vn/salvatore-ferragamo/4337-emozione-salvatore-for-women.html
Pure XS Paco Rabanne Pour Homme ,Paco Rabanne,1.491.000,https://www.thegioinuochoa.com.vn/paco-rabanne/5281-pure-xs-paco-rabanne-pour-homme.html
Aqva Atlantiqve for men,Bvlgari,2.200.000,https://www.thegioinuochoa.com.vn/bvlgari/4775-aqva-atlantiqve-for-men.html
Lancôme Tresor,Lancôme,2.700.000,https://www.thegioinuochoa.com.vn/lancome/940-lancome-tresor.html
Narciso Rodriguez for him,Narciso Rodriguez,2.304.000,https://www.thegioinuochoa.com.vn/narciso-rodriguez/2001-narciso-rodriguez-for-him.html
M.O.I 24/7-24/7.2 (Phấn Nước + Giấy Thấm Dầu ) # 20,M.O.I,423.000,https://www.thegioinuochoa.com.vn/moi/5961-moi-24-7-24-72-phan-nuoc-giay-tham-dau-20.html
Burberry London Limited for Men,Burberry,1.672.000,https://www.thegioinuochoa.com.vn/burberry/4033-burberry-london-limited-for-men.html
My Burberry for Women,Burberry,3.660.000,https://www.thegioinuochoa.com.vn/burberry/4284-my-burberry-for-women.html
Elizabeth Arden My Fifth Avenue,Elizabeth Arden,1.704.000,https://www.thegioinuochoa.com.vn/elizabeth-arden/6014-elizabeth-arden-my-fifth-avenue.html
Be Delicious Golden,DKNY,222.000,https://www.thegioinuochoa.com.vn/dkny/2886-be-delicious-golden.html
Body Wash Mr Burberry 50ml,Burberry,175.000,https://www.thegioinuochoa.com.vn/burberry/5459-body-wash-mr-burberry-50ml.html
Burberry The Beat,Burberry,2.015.000,https://www.thegioinuochoa.com.vn/burberry/1536-burberry-the-beat.html
Tresor Midnight Rose ,Lancôme,2.250.000,https://www.thegioinuochoa.com.vn/lancome/2862-tresor-midnight-rose.html
Gift Missoni 2pc ( NH 100ml + NH 10ml),Missoni,1.650.000,https://www.thegioinuochoa.com.vn/missoni/6025-gift-missoni-2pc-nh-100ml-nh-10ml.html
Desire Me,Escada,155.000,https://www.thegioinuochoa.com.vn/escada/1833-desire-me.html
Boss The Scent for women,Hugo Boss,1.195.000,https://www.thegioinuochoa.com.vn/hugo-boss/4759-boss-the-scent-for-women.html
Gift Omnia Collection 3pc ( Pink Sapphire 5ml + Omnia Crystalline 5ml + Omnia Amethyste 5ml ),Bvlgari,675.000,https://www.thegioinuochoa.com.vn/bvlgari/6075-gift-omnia-collection-3pc-pink-sapphire-5ml-omnia-crystalline-5ml-omnia-amethyste-5ml.html
Eau De Lacoste for women,Lacoste,1.205.000,https://www.thegioinuochoa.com.vn/lacoste/3357-eau-de-lacoste-for-women.html
Givenchy Dahlia Noir for Women,Givenchy,997.000,https://www.thegioinuochoa.com.vn/givenchy/3200-givenchydahlia-noir-for-women.html
Eternity Moment,Calvin Klein,1.165.000,https://www.thegioinuochoa.com.vn/calvin-klein/352-eternity-moment.html
Mon Jasmin Noir L'eau Exquise,Bvlgari,1.475.000,https://www.thegioinuochoa.com.vn/bvlgari/3144-mon-jasmin-noir-l-eau-exquise.html
John Varvatos Artisan Acqua for men,John Varvatos,895.000,https://www.thegioinuochoa.com.vn/john-varvatos/5302-john-varvatos-artisan-acqua-for-men.html
Le Male,Jean Paul Gaultier,2.156.000,https://www.thegioinuochoa.com.vn/jean-paul-gaultier/861-le-male.html
Creed Aventus for Her,Creed,7.038.000,https://www.thegioinuochoa.com.vn/creed/5557-creed-aventus-for-her.html
Jardin Du Sub by Fouquet's EDT ,Parour,1.592.000,https://www.thegioinuochoa.com.vn/parour/6558-jardin-du-sub-by-fouquet-s-edt.html
Lacoste L.12.12 Jaune Optimistic,Lacoste,1.784.000,https://www.thegioinuochoa.com.vn/lacoste/4468-lacoste-l1212-jaune-optimistic.html
Hugo Boss Nuit Pour Femme,Hugo Boss,2.312.000,https://www.thegioinuochoa.com.vn/hugo-boss/3211-hugo-boss-nuit-pour-femme.html
Gucci Made To Measure for men,Gucci,2.481.000,https://www.thegioinuochoa.com.vn/gucci/3411-gucci-made-to-measure-for-men.html
DKNY My Ny for women,DKNY,222.000,https://www.thegioinuochoa.com.vn/dkny/4247-dkny-my-ny-for-women.html
Givenchy Gentleman EDP Boisee,Givenchy,2.464.000,https://www.thegioinuochoa.com.vn/givenchy/6425-givenchy-gentleman-edp-boisee.html
Gucci Guilty Love Pour Femme EDP,Gucci,3.124.000,https://www.thegioinuochoa.com.vn/gucci/6594-gucci-guilty-love-pour-femme-edp.html
Burberry Body for women,Burberry,996.000,https://www.thegioinuochoa.com.vn/burberry/5430-burberry-body-for-women.html
Vial Good Girl ,Carolina Herrera,83.000,https://www.thegioinuochoa.com.vn/carolina-herrera/5107-vial-good-girl.html
Hộp 5 miếng mặt nạ ONE SHINING DAY Hydration Cream Two Step Solution Mask,8:TY,389.000,https://www.thegioinuochoa.com.vn/8-ty/6250-hop-5-mieng-mat-na-one-shining-day-hydration-cream-two-step-solution-mask.html
