Product Name,Brand,Price,Link
Bright Crystal,Versace,2.763.000,https://www.thegioinuochoa.com.vn/versace/195-bright-crystal.html
Versace Pour Homme,Versace,2.428.000,https://www.thegioinuochoa.com.vn/versace/1164-versace-pour-homme.html
Versace Eros for Men,Versace,2.578.000,https://www.thegioinuochoa.com.vn/versace/3363-versace-eros-for-men.html
Gift Bvlgari for men 3pc ,Bvlgari,196.000,https://www.thegioinuochoa.com.vn/bvlgari/5310-gift-bvlgari-for-men-3pc.html
Bvlgari Man Wood Essence ,Bvlgari,2.520.000,https://www.thegioinuochoa.com.vn/bvlgari/5782-bvlgari-man-wood-essence.html
Euphoria for woman,Calvin Klein,2.904.000,https://www.thegioinuochoa.com.vn/calvin-klein/356-euphoria-for-woman.html
Dầu săn chắc da,Langé,578.000,https://www.thegioinuochoa.com.vn/lange/6187-toning-beauty-oil.html
Kem dưỡng chống lão hóa ban ngày,Langé,1.235.000,https://www.thegioinuochoa.com.vn/lange/6034-nutri-protection-day-cream.html
Kem dưỡng ban đêm Hydra-Global,Langé,1.293.000,https://www.thegioinuochoa.com.vn/lange/6042-hydra-global-active-night-cream.html
(Một miếng) ONE SHINING DAY Hydration Cream Two Step Solution Mask,8:TY,96.000,https://www.thegioinuochoa.com.vn/8-ty/6243-mot-mieng-one-shining-day-hydration-cream-two-step-solution-mask.html
Bvlgari Man In Black,Bvlgari,2.520.000,https://www.thegioinuochoa.com.vn/bvlgari/4151-bvlgari-man-in-black.html
Versace Man Eau Fraiche,Versace,610.000,https://www.thegioinuochoa.com.vn/versace/197-versace-man-eau-fraiche.html
Set M.O.I 24/7 Cool Cool Girl 3pcs,M.O.I,711.000,https://www.thegioinuochoa.com.vn/moi/5866-set-moi-24-7-cool-cool-girl-3pcs.html
Bright Crystal Absolu for women,Versace,2.252.000,https://www.thegioinuochoa.com.vn/versace/4050-bright-crystal-absolu-for-women.html
Euphoria Intense,Calvin Klein,1.294.000,https://www.thegioinuochoa.com.vn/calvin-klein/1050-euphoria-intense.html
Tommy,Tommy Hilfiger,545.000,https://www.thegioinuochoa.com.vn/tommy-hilfiger/243-tommy.html
Versace Yellow Diamond Intense for women,Versace,247.000,https://www.thegioinuochoa.com.vn/versace/4298-versace-yellow-diamond-intense-for-women.html
Signorina Misteriosa for women,Salvatore Ferragamo,247.000,https://www.thegioinuochoa.com.vn/salvatore-ferragamo/4563-signorina-misteriosa-for-women.html
M.O.I Matte Lipstick – LOVE No. 2,M.O.I,287.000,https://www.thegioinuochoa.com.vn/moi/6138-moi-matte-lipstick-love-no-2.html
Bộ kem dưỡng trắng da Whitening (Mini),Langé,625.000,https://www.thegioinuochoa.com.vn/lange/6335-whitening-set-mini.html
Versace Pour Homme Dylan Blue,Versace,2.578.000,https://www.thegioinuochoa.com.vn/versace/4602-versace-pour-homme-dylan-blue.html
Gift Versace Pour Homme Mini,Versace,247.000,https://www.thegioinuochoa.com.vn/versace/1252-gift-versace-pour-homme-mini.html
CHCH,Carolina Herrera,155.000,https://www.thegioinuochoa.com.vn/carolina-herrera/1300-chch.html
Kem làm sáng da ban ngày,Langé,1.293.000,https://www.thegioinuochoa.com.vn/lange/6029-lightening-day-cream.html
Le Male Essence Intense,Jean Paul Gaultier,2.279.000,https://www.thegioinuochoa.com.vn/jean-paul-gaultier/4676-le-male-essence-intense.html
Versace Crystal Noir EDT,Versace,1.356.000,https://www.thegioinuochoa.com.vn/versace/200-versace-crystal-noir-edt.html
Sữa rữa mặt thanh lọc sâu,Langé,448.000,https://www.thegioinuochoa.com.vn/lange/6054-cleansing-milk.html
M.O.I Matte Lipstick – LOVE No. 9 Girl on Fire,M.O.I,287.000,https://www.thegioinuochoa.com.vn/moi/6064-moi-matte-lipstick-love-no-9-girl-on-fire.html
Bộ Kem dưỡng chống lão hóa Anti-Ageing (Mini),Langé,635.000,https://www.thegioinuochoa.com.vn/lange/6334-anti-ageing-set-mini.html
Eternity Now for men,Calvin Klein,1.904.000,https://www.thegioinuochoa.com.vn/calvin-klein/4422-eternity-now-for-men.html
M.O.I Matte Lipstick – LOVE No. 1,M.O.I,287.000,https://www.thegioinuochoa.com.vn/moi/6140-moi-matte-lipstick-love-no-1.html
Versace Eros Flame (M) ,Versace,2.692.000,https://www.thegioinuochoa.com.vn/versace/6159-versace-eros-flame-m.html
Obsessed Calvin Klein for men,Calvin Klein,1.120.000,https://www.thegioinuochoa.com.vn/calvin-klein/5300-obsessed-calvin-klein-for-men.html
Me L'eau Lanvin,Lanvin,158.000,https://www.thegioinuochoa.com.vn/lanvin/4351-me-l-eau-lanvin.html
Reveal Calvin Klein for men,Calvin Klein,267.000,https://www.thegioinuochoa.com.vn/calvin-klein/4311-reveal-calvin-klein-for-men.html
Divine Decadence for women,Marc Jacobs,1.395.000,https://www.thegioinuochoa.com.vn/marc-jacobs/4546-divine-decadence-for-women.html
Omnia Indian Garnet,Bvlgari,197.000,https://www.thegioinuochoa.com.vn/bvlgari/4046-omnia-indian-garnet.html
Set M.O.I 24/7 Pink Pink Girl 3pcs,M.O.I,711.000,https://www.thegioinuochoa.com.vn/moi/5865-set-moi-24-7-pink-pink-girl-3pcs.html
Decadence Marc Jacobs,Marc Jacobs,2.984.000,https://www.thegioinuochoa.com.vn/marc-jacobs/4355-decadence-marc-jacobs.html
L'autre Oud Lancome,Lancôme,1.178.000,https://www.thegioinuochoa.com.vn/lancome/5187-l-autre-oud-lancome.html
Green Tea,Elizabeth Arden,680.000,https://www.thegioinuochoa.com.vn/elizabeth-arden/612-green-tea.html
Acqua Essenziale Colonia,Salvatore Ferragamo,197.000,https://www.thegioinuochoa.com.vn/salvatore-ferragamo/4414-acqua-essenziale-colonia.html
Euphoria,Calvin Klein,2.072.000,https://www.thegioinuochoa.com.vn/calvin-klein/355-euphoria.html
Kem làm sáng da ban đêm,Langé,1.228.000,https://www.thegioinuochoa.com.vn/lange/6028-lightening-night-cream.html
Legend Spirit Montblanc,Mont Blanc,1.936.000,https://www.thegioinuochoa.com.vn/mont-blanc/4477-legend-spirit-montblanc.html
M.O.I Matte Lipstick – LOVE No. 8 Stronger,M.O.I,287.000,https://www.thegioinuochoa.com.vn/moi/6066-moi-matte-lipstick-love-no-8-stronger.html
Aqva Pour Homme,Bvlgari,2.600.000,https://www.thegioinuochoa.com.vn/bvlgari/120-aqva-pour-homme.html
Be Delicious,DKNY,2.000.000,https://www.thegioinuochoa.com.vn/dkny/582-be-delicious.html
Aqva Amara for men,Bvlgari,1.596.000,https://www.thegioinuochoa.com.vn/bvlgari/3992-aqva-amara-for-men.html
M.O.I Matte Lipstick – LOVE No. 3,M.O.I,287.000,https://www.thegioinuochoa.com.vn/moi/6139-moi-matte-lipstick-love-no-3.html
M.O.I Matte Lipstick – LOVE No. 7 Crazy in Love,M.O.I,287.000,https://www.thegioinuochoa.com.vn/moi/6065-moi-matte-lipstick-love-no-7-crazy-in-love.html
BLV For Men,Bvlgari,1.513.000,https://www.thegioinuochoa.com.vn/bvlgari/119-blv-for-men.html
Paco Banne Invictus for men,Paco Rabanne,2.156.000,https://www.thegioinuochoa.com.vn/paco-rabanne/3396-paco-banne-invictus-for-men.html
Body Lotion Versace Bright Crystal for women,Versace,402.000,https://www.thegioinuochoa.com.vn/versace/5434-body-lotion-versace-bright-crystal-for-women.html
Kem chống lão hóa vùng mắt,Langé,968.000,https://www.thegioinuochoa.com.vn/lange/6046-eye-contour-cream.html
Tommy Girl,Tommy Hilfiger,945.000,https://www.thegioinuochoa.com.vn/tommy-hilfiger/255-tommy-girl.html
Burberry Brit For Him,Burberry,2.226.000,https://www.thegioinuochoa.com.vn/burberry/5429-burberry-brit-for-him.html
Burberry Brit For Him,Burberry,2.226.000,https://www.thegioinuochoa.com.vn/burberry/5429-burberry-brit-for-him.html
The One Essence for women,Dolce & Gabbana,1.097.000,https://www.thegioinuochoa.com.vn/dolce-gabbana/4712-the-one-essence-for-women.html
5th Avenue Royale Elizabeth Arden for women,Elizabeth Arden,895.000,https://www.thegioinuochoa.com.vn/elizabeth-arden/5271-5th-avenue-royale-elizabeth-arden-for-women.html
Viva La Juicy,Juicy Couture,1.395.000,https://www.thegioinuochoa.com.vn/juicy-couture/1844-viva-la-juicy.html
Gift Versace Men eau fraiche mini,Versace,247.000,https://www.thegioinuochoa.com.vn/versace/1191-gift-versace-men-eau-fraiche-mini.html
1 Million Prive Paco Rabanne,Paco Rabanne,2.235.000,https://www.thegioinuochoa.com.vn/paco-rabanne/4606-1-million-prive-paco-rabanne.html
Bộ kem dưỡng làm săn chắc da Lifting & Firming (Mini),Langé,589.000,https://www.thegioinuochoa.com.vn/lange/6333-lifting-firming-set-mini.html
Gel che khuyết điểm và nâng cơ vùng mắt,Langé,942.000,https://www.thegioinuochoa.com.vn/lange/6047-eye-contour-gold-gel.html
D&G Intenso for Men,Dolce & Gabbana,1.876.000,https://www.thegioinuochoa.com.vn/dolce-gabbana/4286-d-g-intenso-for-men.html
Kem dưỡng ban ngày Hydra-Global,Langé,1.293.000,https://www.thegioinuochoa.com.vn/lange/6043-hydra-global-active-day-cream.html
Calvin Klein Beauty for women,Calvin Klein,1.269.000,https://www.thegioinuochoa.com.vn/calvin-klein/2945-calvin-klein-beauty-for-women.html
The One for men EDP,Dolce & Gabbana,2.538.000,https://www.thegioinuochoa.com.vn/dolce-gabbana/4399-the-one-for-men-edp.html
Burberry Body,Burberry,1.252.000,https://www.thegioinuochoa.com.vn/burberry/2885-burberry-body.html
Narciso Rodriguez For Her,Narciso Rodriguez,3.078.000,https://www.thegioinuochoa.com.vn/narciso-rodriguez/1889-narciso-rodriguez-for-her.html
A&F Authentic Men EDT,Abercrombie & Fitch,1.560.000,https://www.thegioinuochoa.com.vn/abercrombie-fitch/6447-a-f-authentic-men-edt.html
Bộ kem dưỡng da cấp ẩm Hydrating (Mini),Langé,598.000,https://www.thegioinuochoa.com.vn/lange/6332-hydrating-set-mini.html
Live Lacoste for men,Lacoste,247.000,https://www.thegioinuochoa.com.vn/lacoste/4236-live-lacoste-for-men.html
Anna Sui Fantasia ,Anna Sui,1.672.000,https://www.thegioinuochoa.com.vn/anna-sui/6083-anna-sui-fantasia.html
Brit Splash For Him,Burberry,197.000,https://www.thegioinuochoa.com.vn/burberry/4416-brit-splash-for-him.html
Aqva Marine,Bvlgari,2.060.000,https://www.thegioinuochoa.com.vn/bvlgari/118-aqva-marine.html
M.O.I Matte Lipstick – LOVE No. 6 Dangerous Woman,M.O.I,287.000,https://www.thegioinuochoa.com.vn/moi/6094-moi-matte-lipstick-love-no-6-dangerous-woman.html
Trésor In Love,Lancôme,2.250.000,https://www.thegioinuochoa.com.vn/lancome/2487-tresor-in-love.html
Bvlgari Pour Homme,Bvlgari,2.200.000,https://www.thegioinuochoa.com.vn/bvlgari/138-bvlgari-pour-homme.html
Gift Montblanc Legend for men 2pc,Mont Blanc,177.000,https://www.thegioinuochoa.com.vn/mont-blanc/5285-gift-montblanc-legend-for-men-2pc.html
F by Ferragamo pour Homme Black,Salvatore Ferragamo,197.000,https://www.thegioinuochoa.com.vn/salvatore-ferragamo/1781-f-by-ferragamo-pour-homme-black.html
Gucci Guilty Absolute for men,Gucci,2.648.000,https://www.thegioinuochoa.com.vn/gucci/4803-gucci-guilty-absolute-for-men.html
Omnia Amethyste,Bvlgari,2.040.000,https://www.thegioinuochoa.com.vn/bvlgari/1027-omnia-amethyste.html
D&G Light blue,Dolce & Gabbana,759.000,https://www.thegioinuochoa.com.vn/dolce-gabbana/2684-d-g-light-blue.html
Guess Seductive For Men EDT,Guess,1.160.000,https://www.thegioinuochoa.com.vn/guess/6454-guess-seductive-for-men-edt.html
Bvlgari Man Extreme,Bvlgari,1.876.000,https://www.thegioinuochoa.com.vn/bvlgari/3301-bvlgari-man-extreme.html
M.O.I Matte Lipstick – LOVE No. 5 Beautiful Liar,M.O.I,287.000,https://www.thegioinuochoa.com.vn/moi/6095-moi-matte-lipstick-love-no-5-beautiful-liar.html
D&G Light blue,Dolce & Gabbana,759.000,https://www.thegioinuochoa.com.vn/dolce-gabbana/2684-d-g-light-blue.html
Tinh chất làm sáng da,Langé,968.000,https://www.thegioinuochoa.com.vn/lange/6051-lightening-serum.html
Aventus Creed for men,Creed,7.128.000,https://www.thegioinuochoa.com.vn/creed/4121-aventus-creed-for-men.html
La Vie Est Belle L'Eclat for women,Lancôme,2.700.000,https://www.thegioinuochoa.com.vn/lancome/5680-la-vie-est-belle-l-eclat-for-women.html
5th Avenue,Elizabeth Arden,963.000,https://www.thegioinuochoa.com.vn/elizabeth-arden/613-5th-avenue.html
M.O.I Matte Lipstick – LOVE No. 4 Drunk in love,M.O.I,287.000,https://www.thegioinuochoa.com.vn/moi/6096-moi-matte-lipstick-love-no-4-drunk-in-love.html
212 For Men,Carolina Herrera,717.000,https://www.thegioinuochoa.com.vn/carolina-herrera/391-212-for-men.html
Narciso Rodriguez Bleu Noir For Him EDP,Narciso Rodriguez,2.304.000,https://www.thegioinuochoa.com.vn/narciso-rodriguez/6669-narciso-rodriguez-bleu-noir-for-him-edp.html
Hugo Energise,Hugo Boss,1.752.000,https://www.thegioinuochoa.com.vn/hugo-boss/834-hugo-energise.html
CK Everyone EDT ,Calvin Klein,1.904.000,https://www.thegioinuochoa.com.vn/calvin-klein/6664-ck-everyone-edt.html
Montblanc Explorer For Men EDP ,Mont Blanc,2.156.000,https://www.thegioinuochoa.com.vn/mont-blanc/6552-montblanc-explorer-for-men-edp.html
Bvlgari Man Wood Neroli ,Bvlgari,2.520.000,https://www.thegioinuochoa.com.vn/bvlgari/6196-bvlgari-man-wood-neroli.html
Versace Eros pour femme,Versace,2.648.000,https://www.thegioinuochoa.com.vn/versace/4343-versace-eros-pour-femme.html
Tinh chất ngăn ngừa lão hóa,Langé,1.137.000,https://www.thegioinuochoa.com.vn/lange/6045-prevention-serum.html
Mont Blanc Explorer Deodorant Stick,Mont Blanc,572.000,https://www.thegioinuochoa.com.vn/mont-blanc/6685-mont-blanc-explorer-deodorant-stick.html
Mặt nạ kiềm dầu,Langé,1.267.000,https://www.thegioinuochoa.com.vn/lange/6027-matifying-mask.html
Jimmy Choo Man,Jimmy Choo,118.000,https://www.thegioinuochoa.com.vn/jimmy-choo/4466-jimmy-choo-man.html
DG The One for Men Eau de Parfum Intense,Dolce & Gabbana,2.664.000,https://www.thegioinuochoa.com.vn/dolce-gabbana/6387-dg-the-one-for-men-eau-de-parfum-intense.html
Mr Burberry for men,Burberry,3.159.000,https://www.thegioinuochoa.com.vn/burberry/5432-mr-burberry-for-men.html
Mr Burberry Indigo for men,Burberry,2.921.000,https://www.thegioinuochoa.com.vn/burberry/5792-mr-burberry-indigo-for-men.html
Good Girl Carolina Herrera,Carolina Herrera,2.992.000,https://www.thegioinuochoa.com.vn/carolina-herrera/4590-good-girl-carolina-herrera.html
Chloe Love Story Eau Sensuelle for women,Chloe,2.680.000,https://www.thegioinuochoa.com.vn/chloe/5541-chloe-love-story-eau-sensuelle-for-women.html
CK One Shock for her ,Calvin Klein,1.030.000,https://www.thegioinuochoa.com.vn/calvin-klein/2914-ck-one-shock-for-her.html
Kem dưỡng ẩm ban đêm chống lão hóa,Langé,1.137.000,https://www.thegioinuochoa.com.vn/lange/6033-nourishing-moisturizing-night-cream.html
CH Men Prive,Carolina Herrera,172.000,https://www.thegioinuochoa.com.vn/carolina-herrera/4423-ch-men-prive.html
Daisy Dream Marc Jacobs for women,Marc Jacobs,2.288.000,https://www.thegioinuochoa.com.vn/marc-jacobs/4146-daisy-dream-marc-jacobs-for-women.html
Daisy Dream Forever ,Marc Jacobs,1.275.000,https://www.thegioinuochoa.com.vn/marc-jacobs/4332-daisy-dream-forever.html
Amo Ferragamo for women ,Salvatore Ferragamo,2.745.000,https://www.thegioinuochoa.com.vn/salvatore-ferragamo/5694-amo-ferragamo-for-women.html
Tresor La Nuit Caresse,Lancôme,2.430.000,https://www.thegioinuochoa.com.vn/lancome/4653-tresor-la-nuit-caresse.html
Gift Lancome La Vie Est Belle Mini 3pc,Lancôme,499.000,https://www.thegioinuochoa.com.vn/lancome/4688-gift-lancome-la-vie-est-belle-mini-3pc.html
Incanto Bloom New Edition 2014,Salvatore Ferragamo,1.085.000,https://www.thegioinuochoa.com.vn/salvatore-ferragamo/4184-incanto-bloom-new-edition-2014.html
Lăn Eternity,Calvin Klein,624.000,https://www.thegioinuochoa.com.vn/calvin-klein/441-lan-eternity.html
Euphoria Pure Gold for women,Calvin Klein,1.269.000,https://www.thegioinuochoa.com.vn/calvin-klein/4768-euphoria-pure-gold-for-women.html
Versace Dylan Blue Pour Femme,Versace,2.648.000,https://www.thegioinuochoa.com.vn/versace/5698-versace-dylan-blue-pour-femme.html
Mr Burberry Element EDT ,Burberry,2.446.000,https://www.thegioinuochoa.com.vn/burberry/6666-mr-burberry-element-edt.html
Elie Saab Le Parfum Rose Couture,Elie Saab,907.000,https://www.thegioinuochoa.com.vn/elie-saab/4716-elie-saab-le-parfum-rose-couture.html
5th Avenue NYC Uptown for women,Elizabeth Arden,963.000,https://www.thegioinuochoa.com.vn/elizabeth-arden/5270-5th-avenue-nyc-uptown-for-women.html
Eternity Now for women,Calvin Klein,2.152.000,https://www.thegioinuochoa.com.vn/calvin-klein/4421-eternity-now-for-women.html
Gucci Bloom Acqua Di Fiori (W),Gucci,2.868.000,https://www.thegioinuochoa.com.vn/gucci/5965-gucci-bloom-acqua-di-fiori-w.html
CH Privee for women,Carolina Herrera,947.000,https://www.thegioinuochoa.com.vn/carolina-herrera/4814-ch-privee-for-women.html
Kem chống nắng toàn thân SPF30,Langé,422.000,https://www.thegioinuochoa.com.vn/lange/6145-sunscreen-milky-mist-spf-30.html
Omnia Crystalline,Bvlgari,2.040.000,https://www.thegioinuochoa.com.vn/bvlgari/125-omnia-crystalline.html
Cool water for men,Davidoff,1.820.000,https://www.thegioinuochoa.com.vn/davidoff/561-cool-water-for-men.html
Mila's Secret Venezia for women EDP ,Parour,903.000,https://www.thegioinuochoa.com.vn/parour/6585-mila-s-secret-venezia-for-women-edp.html
Salvatore Ferragamo Signorina Ribelle EDP (W),Salvatore Ferragamo,2.763.000,https://www.thegioinuochoa.com.vn/salvatore-ferragamo/6237-salvatore-ferragamo-signorina-ribelle-edp-w.html
Tresor La Nuit Caresse,Lancôme,2.430.000,https://www.thegioinuochoa.com.vn/lancome/4653-tresor-la-nuit-caresse.html
Fleur Musc For Her,Narciso Rodriguez,2.736.000,https://www.thegioinuochoa.com.vn/narciso-rodriguez/4788-fleur-musc-for-her.html
Omnia Paraiba ,Bvlgari,247.000,https://www.thegioinuochoa.com.vn/bvlgari/4354-omnia-paraiba.html
My Burberry Black,Burberry,3.660.000,https://www.thegioinuochoa.com.vn/burberry/4503-my-burberry-black.html
Gift Lancome La Vie Est Belle Mini 3pc,Lancôme,499.000,https://www.thegioinuochoa.com.vn/lancome/4688-gift-lancome-la-vie-est-belle-mini-3pc.html
Hộp 5 miếng mặt nạ ONE SPECIAL DAY Bio-cellulose Two Step Solution Mask,8:TY,519.000,https://www.thegioinuochoa.com.vn/8-ty/6252-hop-5-mieng-mat-na-one-special-day-bio-cellulose-two-step-solution-mask.html
Escada Joyful for Women,Escada,132.000,https://www.thegioinuochoa.com.vn/escada/4282-escada-joyful-for-women.html
CH L'eau for women,Carolina Herrera,132.000,https://www.thegioinuochoa.com.vn/carolina-herrera/4817-ch-l-eau-for-women.html
Montblanc Legend for women,Mont Blanc,110.000,https://www.thegioinuochoa.com.vn/mont-blanc/3321-montblanc-legend-for-women.html
Montblanc Legend,Mont Blanc,1.936.000,https://www.thegioinuochoa.com.vn/mont-blanc/3056-montblanc-legend.html
Gucci By Gucci Pour Homme,Gucci,2.481.000,https://www.thegioinuochoa.com.vn/gucci/1227-gucci-by-gucci-pour-homme.html
Gift Set Paco Rabanne Pure XS For Her 3pc ,Paco Rabanne,2.596.000,https://www.thegioinuochoa.com.vn/paco-rabanne/6622-gift-set-paco-rabanne-pure-xs-for-her-3pc.html
Cool Water,Davidoff,297.000,https://www.thegioinuochoa.com.vn/davidoff/566-cool-water.html
Tresor La Nuit for women,Lancôme,2.880.000,https://www.thegioinuochoa.com.vn/lancome/4250-tresor-la-nuit-for-women.html
Euphoria Pure Gold for men,Calvin Klein,1.257.000,https://www.thegioinuochoa.com.vn/calvin-klein/4778-euphoria-pure-gold-for-men.html
5th Avenue NYC Uptown for women,Elizabeth Arden,963.000,https://www.thegioinuochoa.com.vn/elizabeth-arden/5270-5th-avenue-nyc-uptown-for-women.html
Eternity Now for women,Calvin Klein,2.152.000,https://www.thegioinuochoa.com.vn/calvin-klein/4421-eternity-now-for-women.html
CH Privee for women,Carolina Herrera,947.000,https://www.thegioinuochoa.com.vn/carolina-herrera/4814-ch-privee-for-women.html
Lacoste L.12.12 Pour Lui Magnetic ,Lacoste,2.184.000,https://www.thegioinuochoa.com.vn/lacoste/6168-lacoste-l1212-pour-lui-magnetic.html
Lancôme Tresor,Lancôme,2.700.000,https://www.thegioinuochoa.com.vn/lancome/940-lancome-tresor.html
Bvlgari Rose Goldea Limited Edition,Bvlgari,2.880.000,https://www.thegioinuochoa.com.vn/bvlgari/5958-bvlgari-rose-goldea-limited-edition.html
Narciso Rodriguez for him,Narciso Rodriguez,2.304.000,https://www.thegioinuochoa.com.vn/narciso-rodriguez/2001-narciso-rodriguez-for-him.html
Hair & Body Shampoo Versace Pour Homme,Versace,425.000,https://www.thegioinuochoa.com.vn/versace/4579-hair-body-shampoo-versace-pour-homme.html
Narciso Rodriguez Pure Musc For Her EDP,Narciso Rodriguez,3.078.000,https://www.thegioinuochoa.com.vn/narciso-rodriguez/6114-narciso-rodriguez-pure-musc-for-her-edp.html
L'Eau D'Issey Pure,Issey Miyake,615.000,https://www.thegioinuochoa.com.vn/issey-miyake/4745-l-eau-d-issey-pure.html
Versace Eros Flame Perfumed Deodorant Stick,Versace,660.000,https://www.thegioinuochoa.com.vn/versace/6588-versace-eros-flame-perfumed-deodorant-stick.html
Guess Girl,Guess,597.000,https://www.thegioinuochoa.com.vn/guess/3395-guess-girl.html
Narciso Rouge for women,Narciso Rodriguez,3.087.000,https://www.thegioinuochoa.com.vn/narciso-rodriguez/5781-narciso-rouge-for-women.html
Serum Đặc Trị Hydra-Global,Langé,1.228.000,https://www.thegioinuochoa.com.vn/lange/6008-hydra-global-intensive-serum.html
Montblanc Legend EDP,Mont Blanc,2.068.000,https://www.thegioinuochoa.com.vn/mont-blanc/6639-montblanc-legend-edp.html
Aqva Atlantiqve for men,Bvlgari,2.200.000,https://www.thegioinuochoa.com.vn/bvlgari/4775-aqva-atlantiqve-for-men.html
Eternity Aqua Calvin Klein,Calvin Klein,556.000,https://www.thegioinuochoa.com.vn/calvin-klein/4867-eternity-aqua-calvin-klein.html
Emozione Salvatore for women,Salvatore Ferragamo,1.720.000,https://www.thegioinuochoa.com.vn/salvatore-ferragamo/4337-emozione-salvatore-for-women.html
Sunflowers Morning Gardens (W),Elizabeth Arden,310.000,https://www.thegioinuochoa.com.vn/elizabeth-arden/5936-sunflowers-morning-gardens-w.html
Forbidden Euphoria,Calvin Klein,1.269.000,https://www.thegioinuochoa.com.vn/calvin-klein/2955-forbidden-euphoria.html
M.O.I 24/7-24/7.2 (Phấn Nước + Giấy Thấm Dầu ) # 20,M.O.I,423.000,https://www.thegioinuochoa.com.vn/moi/5961-moi-24-7-24-72-phan-nuoc-giay-tham-dau-20.html
Vial Le Beau Male Intense Jean Paul Gaultier for men,Jean Paul Gaultier,42.000,https://www.thegioinuochoa.com.vn/jean-paul-gaultier/5289-vial-le-beau-male-intense-jean-paul-gaultier-for-men.html
CK ALL,Calvin Klein,1.904.000,https://www.thegioinuochoa.com.vn/calvin-klein/4789-ck-all.html
Rose Goldea Blossom Delight EDP (W),Bvlgari,2.880.000,https://www.thegioinuochoa.com.vn/bvlgari/6244-rose-goldea-blossom-delight-edp-w.html
A&F Authentic Women EDP,Abercrombie & Fitch,1.560.000,https://www.thegioinuochoa.com.vn/abercrombie-fitch/6443-a-f-authentic-women-edp.html
Burberry London Limited for Men,Burberry,1.672.000,https://www.thegioinuochoa.com.vn/burberry/4033-burberry-london-limited-for-men.html
212 NYC Pills for women,Carolina Herrera,597.000,https://www.thegioinuochoa.com.vn/carolina-herrera/4532-212-nyc-pills-for-women.html
Lancôme Miracle,Lancôme,2.340.000,https://www.thegioinuochoa.com.vn/lancome/934-lancome-miracle.html
Paco Rabanne Pure XS For Her Edp,Paco Rabanne,2.596.000,https://www.thegioinuochoa.com.vn/paco-rabanne/6354-paco-rabanne-pure-xs-for-her-edp.html
Hugo Women Extreme,Hugo Boss,1.345.000,https://www.thegioinuochoa.com.vn/hugo-boss/4760-hugo-women-extreme.html
212 Vip,Carolina Herrera,2.728.000,https://www.thegioinuochoa.com.vn/carolina-herrera/2531-212-vip.html
Lancome La Vie Est Belle 2pc,Lancôme,310.000,https://www.thegioinuochoa.com.vn/lancome/4257-lancome-la-vie-est-belle-2pc.html
Vial Scandal Jean Paul Gaultier for Women ,Jean Paul Gaultier,110.000,https://www.thegioinuochoa.com.vn/jean-paul-gaultier/5290-vial-scandal-jean-paul-gaultier-for-women.html
Sunflowers Morning Gardens (W),Elizabeth Arden,310.000,https://www.thegioinuochoa.com.vn/elizabeth-arden/5936-sunflowers-morning-gardens-w.html
M.O.I 24/7-24/7.2 (Phấn Nước + Giấy Thấm Dầu ) # 20,M.O.I,423.000,https://www.thegioinuochoa.com.vn/moi/5961-moi-24-7-24-72-phan-nuoc-giay-tham-dau-20.html
Narciso Rouge for women,Narciso Rodriguez,3.087.000,https://www.thegioinuochoa.com.vn/narciso-rodriguez/5781-narciso-rouge-for-women.html
Eternity Aqua Calvin Klein,Calvin Klein,556.000,https://www.thegioinuochoa.com.vn/calvin-klein/4867-eternity-aqua-calvin-klein.html
Aqva Atlantiqve for men,Bvlgari,2.200.000,https://www.thegioinuochoa.com.vn/bvlgari/4775-aqva-atlantiqve-for-men.html
Rose Goldea Blossom Delight EDP (W),Bvlgari,2.880.000,https://www.thegioinuochoa.com.vn/bvlgari/6244-rose-goldea-blossom-delight-edp-w.html
A&F Authentic Women EDP,Abercrombie & Fitch,1.560.000,https://www.thegioinuochoa.com.vn/abercrombie-fitch/6443-a-f-authentic-women-edp.html
Burberry London Limited for Men,Burberry,1.672.000,https://www.thegioinuochoa.com.vn/burberry/4033-burberry-london-limited-for-men.html
Be Delicious Golden,DKNY,222.000,https://www.thegioinuochoa.com.vn/dkny/2886-be-delicious-golden.html
Hugo Deep Red,Hugo Boss,1.856.000,https://www.thegioinuochoa.com.vn/hugo-boss/809-hugo-deep-red.html
Hộp 5 miếng mặt nạ ONE SHINING DAY Hydration Cream Two Step Solution Mask,8:TY,389.000,https://www.thegioinuochoa.com.vn/8-ty/6250-hop-5-mieng-mat-na-one-shining-day-hydration-cream-two-step-solution-mask.html
Guess Dare For Women EDT,Guess,1.112.000,https://www.thegioinuochoa.com.vn/guess/6437-guess-dare-for-women-edt.html
Desire Me,Escada,155.000,https://www.thegioinuochoa.com.vn/escada/1833-desire-me.html
L'Eau D'Issey Pour Homme,Issey Miyake,900.000,https://www.thegioinuochoa.com.vn/issey-miyake/846-l-eau-d-issey-pour-homme.html
Eau De Lacoste for women,Lacoste,1.205.000,https://www.thegioinuochoa.com.vn/lacoste/3357-eau-de-lacoste-for-women.html
Versace Versense,Versace,880.000,https://www.thegioinuochoa.com.vn/versace/1831-versace-versense.html
 Mont Blanc Legend Night Edp,Mont Blanc,2.068.000,https://www.thegioinuochoa.com.vn/mont-blanc/6353-mont-blanc-legend-night-edp.html
Miss Sai Gon Elegance Tím,Miss Saigon,490.000,https://www.thegioinuochoa.com.vn/miss-vietnam/5804-miss-sai-gon-elegance-tim.html
Moschino Toy Boy EDP,Moschino,1.804.000,https://www.thegioinuochoa.com.vn/moschino/6553-moschino-toy-boy-edp.html
So…? Sheer Illusion Eau De Parfum,SO..?,168.000,https://www.thegioinuochoa.com.vn/so/6289-so-sheer-illusion-eau-de-parfum.html
Givenchy Dahlia Noir for Women,Givenchy,997.000,https://www.thegioinuochoa.com.vn/givenchy/3200-givenchydahlia-noir-for-women.html
GEL RỬA MẶT DỊU NHẸ,Orising,773.000,https://www.thegioinuochoa.com.vn/orising/6384-gel-rua-mat-diu-nhe.html
Happy Chopard Felicia Roses,Chopard,2.272.000,https://www.thegioinuochoa.com.vn/chopard/5854-happy-chopard-felicia-roses.html
Tommy The Girl for women,Tommy Hilfiger,945.000,https://www.thegioinuochoa.com.vn/tommy-hilfiger/5282-tommy-the-girl-for-women.html
Mon Jasmin Noir L'eau Exquise,Bvlgari,1.475.000,https://www.thegioinuochoa.com.vn/bvlgari/3144-mon-jasmin-noir-l-eau-exquise.html
Hugo Boss Nuit Pour Femme,Hugo Boss,2.312.000,https://www.thegioinuochoa.com.vn/hugo-boss/3211-hugo-boss-nuit-pour-femme.html
Gucci Made To Measure for men,Gucci,2.481.000,https://www.thegioinuochoa.com.vn/gucci/3411-gucci-made-to-measure-for-men.html
La Nuit De Boheme EDP,Anna Sui,247.000,https://www.thegioinuochoa.com.vn/anna-sui/4246-la-nuit-de-boheme-edp.html
Gucci Bloom Gocce Di Fiori EDT ,Gucci,2.833.000,https://www.thegioinuochoa.com.vn/gucci/6695-gucci-bloom-gocce-di-fiori-edt.html
Gel rửa mặt tạo bọt,Langé,617.000,https://www.thegioinuochoa.com.vn/lange/6057-cleansing-foaming-gel.html
212 Sexy for men,Carolina Herrera,2.032.000,https://www.thegioinuochoa.com.vn/carolina-herrera/383-212-sexy-for-men.html
Bvlgari Man Black Orient for men,Bvlgari,2.196.000,https://www.thegioinuochoa.com.vn/bvlgari/4776-bvlgari-man-black-orient-for-men.html
Paco Rabanne 5pc*5ml ,Paco Rabanne,823.000,https://www.thegioinuochoa.com.vn/paco-rabanne/4868-paco-rabanne-5pc-5ml.html
